user_id,recency_days,frequency,monetary_value,churn_probability,segment
U00001,16.0,1,81.47,,
U00002,29.0,4,255.56,,
U00003,14.0,55,7236.08,,
U00004,56.0,7,580.44,,
U00005,16.0,7,428.12,,
U00006,23.0,10,602.63,,
U00007,21.0,0,0.0,,
U00008,28.0,27,4376.19,,
U00009,99.0,46,5727.14,,
U00010,8.0,0,0.0,,
U00011,35.0,0,0.0,,
U00012,27.0,3,68.99,,
U00013,25.0,1,26.53,,
U00014,14.0,1,13.73,,
U00015,8.0,7,560.05,,
U00016,29.0,3,63.6,,
U00017,49.0,14,662.97,,
U00018,8.0,9,539.75,,
U00019,18.0,0,0.0,,
U00020,41.0,20,1024.63,,
U00021,8.0,0,0.0,,
U00022,74.0,0,0.0,,
U00023,6.0,6,293.86,,
U00024,22.0,0,0.0,,
U00025,88.0,1,107.82,,
U00026,15.0,2,35.25,,
U00027,4.0,47,7097.22,,
U00028,28.0,64,9503.35,,
U00029,9.0,36,4498.7,,
U00030,20.0,0,0.0,,
U00031,111.0,4,153.27,,
U00032,43.0,5,360.92,,
U00033,25.0,10,577.26,,
U00034,20.0,0,0.0,,
U00035,5.0,10,812.31,,
U00036,20.0,0,0.0,,
U00037,1.0,9,594.46,,
U00038,18.0,8,585.38,,
U00039,0.0,3,190.66,,
U00040,16.0,0,0.0,,
U00041,29.0,2,75.33,,
U00042,89.0,5,308.34,,
U00043,15.0,17,1311.11,,
U00044,8.0,11,724.54,,
U00045,17.0,8,467.14,,
U00046,15.0,10,649.16,,
U00047,9.0,0,0.0,,
U00048,11.0,58,8276.21,,
U00049,11.0,61,8723.02,,
U00050,83.0,2,86.93,,
U00051,12.0,13,865.12,,
U00052,19.0,0,0.0,,
U00053,83.0,48,6821.55,,
U00054,21.0,2,37.56,,
U00055,5.0,0,0.0,,
U00056,8.0,6,350.12,,
U00057,12.0,0,0.0,,
U00058,22.0,45,6651.19,,
U00059,99.0,2,127.0,,
U00060,5.0,1,35.2,,
U00061,7.0,2,59.02,,
U00062,5.0,0,0.0,,
U00063,16.0,2,41.79,,
U00064,4.0,46,6577.19,,
U00065,28.0,16,1038.83,,
U00066,16.0,1,10.44,,
U00067,16.0,14,892.7,,
U00068,28.0,0,0.0,,
U00069,22.0,3,113.48,,
U00070,23.0,0,0.0,,
U00071,2.0,0,0.0,,
U00072,5.0,1,16.52,,
U00073,22.0,1,37.53,,
U00074,18.0,0,0.0,,
U00075,96.0,2,45.41,,
U00076,27.0,0,0.0,,
U00077,22.0,17,1420.64,,
U00078,20.0,1,28.57,,
U00079,104.0,10,697.58,,
U00080,28.0,0,0.0,,
U00081,10.0,4,347.73,,
U00082,27.0,3,111.16,,
U00083,8.0,8,422.45,,
U00084,25.0,2,71.63,,
U00085,22.0,0,0.0,,
U00086,10.0,1,41.59,,
U00087,7.0,15,728.64,,
U00088,0.0,2,76.1,,
U00089,18.0,15,888.85,,
U00090,100.0,18,1203.61,,
U00091,18.0,1,45.71,,
U00092,0.0,0,0.0,,
U00093,16.0,1,6.91,,
U00094,13.0,3,56.99,,
U00095,74.0,11,736.45,,
U00096,22.0,13,978.36,,
U00097,8.0,1,25.66,,
U00098,22.0,1,47.86,,
U00099,24.0,0,0.0,,
U00100,3.0,0,0.0,,
U00101,29.0,9,549.27,,
U00102,10.0,0,0.0,,
U00103,18.0,0,0.0,,
U00104,117.0,1,17.58,,
U00105,5.0,8,414.33,,
U00106,16.0,8,684.86,,
U00107,28.0,4,220.84,,
U00108,7.0,0,0.0,,
U00109,7.0,10,541.32,,
U00110,7.0,38,5878.04,,
U00111,24.0,7,474.78,,
U00112,28.0,2,40.4,,
U00113,8.0,4,221.51,,
U00114,3.0,0,0.0,,
U00115,22.0,0,0.0,,
U00116,23.0,0,0.0,,
U00117,5.0,2,35.34,,
U00118,9.0,0,0.0,,
U00119,66.0,9,280.29,,
U00120,28.0,2,80.12,,
U00121,6.0,3,73.34,,
U00122,37.0,5,247.33,,
U00123,28.0,1,12.51,,
U00124,13.0,0,0.0,,
U00125,3.0,0,0.0,,
U00126,2.0,0,0.0,,
U00127,96.0,1,4.51,,
U00128,15.0,1,64.48,,
U00129,9.0,6,440.57,,
U00130,26.0,1,20.99,,
U00131,6.0,0,0.0,,
U00132,90.0,0,0.0,,
U00133,0.0,0,0.0,,
U00134,100.0,5,454.04,,
U00135,8.0,30,3081.98,,
U00136,87.0,0,0.0,,
U00137,8.0,11,686.15,,
U00138,10.0,11,780.77,,
U00139,12.0,0,0.0,,
U00140,56.0,58,7205.67,,
U00141,61.0,1,85.47,,
U00142,7.0,1,34.22,,
U00143,6.0,2,107.08,,
U00144,10.0,0,0.0,,
U00145,2.0,0,0.0,,
U00146,17.0,12,1024.75,,
U00147,27.0,14,736.57,,
U00148,16.0,0,0.0,,
U00149,4.0,8,365.86,,
U00150,20.0,0,0.0,,
U00151,7.0,10,864.26,,
U00152,17.0,0,0.0,,
U00153,9.0,0,0.0,,
U00154,1.0,14,998.77,,
U00155,12.0,3,199.06,,
U00156,85.0,6,384.85,,
U00157,22.0,1,8.46,,
U00158,23.0,45,5935.13,,
U00159,6.0,0,0.0,,
U00160,18.0,0,0.0,,
U00161,14.0,3,121.09,,
U00162,26.0,0,0.0,,
U00163,28.0,2,82.21,,
U00164,13.0,33,4245.55,,
U00165,10.0,1,18.9,,
U00166,18.0,1,32.83,,
U00167,95.0,1,10.01,,
U00168,12.0,11,525.13,,
U00169,6.0,52,7481.12,,
U00170,10.0,5,404.74,,
U00171,11.0,0,0.0,,
U00172,0.0,1,9.25,,
U00173,75.0,19,1418.6,,
U00174,75.0,1,37.38,,
U00175,8.0,13,873.01,,
U00176,8.0,0,0.0,,
U00177,1.0,0,0.0,,
U00178,25.0,1,22.05,,
U00179,20.0,2,59.62,,
U00180,0.0,3,94.1,,
U00181,1.0,0,0.0,,
U00182,18.0,0,0.0,,
U00183,15.0,15,958.85,,
U00184,11.0,5,178.19,,
U00185,5.0,0,0.0,,
U00186,3.0,0,0.0,,
U00187,18.0,8,490.49,,
U00188,25.0,17,1015.84,,
U00189,23.0,1,50.69,,
U00190,17.0,2,60.9,,
U00191,23.0,2,59.13,,
U00192,15.0,1,39.04,,
U00193,1.0,0,0.0,,
U00194,17.0,35,5662.34,,
U00195,3.0,53,8624.5,,
U00196,56.0,0,0.0,,
U00197,29.0,1,18.79,,
U00198,83.0,11,655.04,,
U00199,3.0,0,0.0,,
U00200,43.0,0,0.0,,
U00201,4.0,0,0.0,,
U00202,72.0,2,69.46,,
U00203,9.0,5,186.09,,
U00204,9.0,7,449.71,,
U00205,19.0,11,751.37,,
U00206,70.0,2,77.78,,
U00207,21.0,0,0.0,,
U00208,28.0,0,0.0,,
U00209,1.0,4,143.92,,
U00210,22.0,13,872.29,,
U00211,16.0,0,0.0,,
U00212,18.0,1,30.29,,
U00213,16.0,11,706.19,,
U00214,10.0,0,0.0,,
U00215,114.0,2,110.76,,
U00216,29.0,1,51.77,,
U00217,6.0,12,677.53,,
U00218,3.0,6,351.75,,
U00219,13.0,1,16.01,,
U00220,21.0,7,511.43,,
U00221,17.0,0,0.0,,
U00222,11.0,2,78.43,,
U00223,17.0,3,104.89,,
U00224,23.0,0,0.0,,
U00225,25.0,3,66.2,,
U00226,7.0,1,110.29,,
U00227,28.0,8,389.29,,
U00228,5.0,0,0.0,,
U00229,61.0,3,74.57,,
U00230,13.0,3,87.38,,
U00231,20.0,0,0.0,,
U00232,16.0,15,918.57,,
U00233,29.0,22,1720.57,,
U00234,20.0,2,40.07,,
U00235,27.0,7,358.56,,
U00236,9.0,1,15.87,,
U00237,0.0,8,579.24,,
U00238,25.0,2,72.94,,
U00239,26.0,1,14.9,,
U00240,26.0,10,838.1,,
U00241,28.0,2,39.68,,
U00242,9.0,2,33.51,,
U00243,3.0,41,5142.9,,
U00244,24.0,0,0.0,,
U00245,19.0,0,0.0,,
U00246,3.0,1,71.59,,
U00247,104.0,2,93.91,,
U00248,11.0,1,28.82,,
U00249,20.0,0,0.0,,
U00250,28.0,16,1049.7,,
U00251,22.0,6,301.82,,
U00252,20.0,11,566.8,,
U00253,24.0,2,68.77,,
U00254,20.0,41,5673.2,,
U00255,5.0,11,804.97,,
U00256,14.0,6,432.62,,
U00257,10.0,1,15.34,,
U00258,28.0,9,568.98,,
U00259,21.0,51,6593.71,,
U00260,96.0,6,337.69,,
U00261,11.0,0,0.0,,
U00262,13.0,2,44.18,,
U00263,25.0,54,9161.76,,
U00264,15.0,44,5343.88,,
U00265,25.0,49,7163.77,,
U00266,23.0,4,135.43,,
U00267,13.0,0,0.0,,
U00268,31.0,0,0.0,,
U00269,53.0,5,317.17,,
U00270,29.0,0,0.0,,
U00271,3.0,1,11.65,,
U00272,12.0,2,18.01,,
U00273,60.0,0,0.0,,
U00274,13.0,1,37.89,,
U00275,118.0,2,71.24,,
U00276,83.0,8,545.08,,
U00277,26.0,0,0.0,,
U00278,21.0,17,1048.09,,
U00279,19.0,2,117.66,,
U00280,13.0,4,167.39,,
U00281,19.0,6,520.02,,
U00282,5.0,56,9347.26,,
U00283,19.0,7,337.96,,
U00284,25.0,13,699.58,,
U00285,19.0,7,494.47,,
U00286,8.0,2,79.41,,
U00287,5.0,0,0.0,,
U00288,0.0,0,0.0,,
U00289,17.0,34,5310.2,,
U00290,0.0,38,4563.03,,
U00291,0.0,5,296.68,,
U00292,24.0,0,0.0,,
U00293,71.0,8,691.15,,
U00294,0.0,0,0.0,,
U00295,13.0,8,536.33,,
U00296,14.0,8,497.69,,
U00297,74.0,0,0.0,,
U00298,28.0,1,33.32,,
U00299,114.0,0,0.0,,
U00300,12.0,1,36.23,,
U00301,85.0,7,376.76,,
U00302,2.0,8,435.59,,
U00303,2.0,9,581.66,,
U00304,22.0,10,662.84,,
U00305,16.0,0,0.0,,
U00306,3.0,0,0.0,,
U00307,1.0,0,0.0,,
U00308,19.0,18,1272.49,,
U00309,113.0,10,594.17,,
U00310,14.0,11,555.28,,
U00311,27.0,0,0.0,,
U00312,5.0,16,922.09,,
U00313,28.0,22,4078.43,,
U00314,114.0,1,46.73,,
U00315,16.0,0,0.0,,
U00316,57.0,1,16.2,,
U00317,10.0,1,20.95,,
U00318,109.0,12,1076.75,,
U00319,10.0,12,698.9,,
U00320,6.0,1,52.63,,
U00321,3.0,0,0.0,,
U00322,79.0,10,789.37,,
U00323,7.0,0,0.0,,
U00324,105.0,1,61.0,,
U00325,2.0,0,0.0,,
U00326,111.0,2,159.44,,
U00327,2.0,3,76.67,,
U00328,53.0,53,6786.0,,
U00329,0.0,16,814.46,,
U00330,11.0,16,1160.03,,
U00331,70.0,1,16.19,,
U00332,91.0,0,0.0,,
U00333,12.0,10,731.52,,
U00334,17.0,0,0.0,,
U00335,53.0,0,0.0,,
U00336,5.0,0,0.0,,
U00337,18.0,10,397.62,,
U00338,26.0,13,762.83,,
U00339,27.0,0,0.0,,
U00340,27.0,0,0.0,,
U00341,75.0,0,0.0,,
U00342,21.0,0,0.0,,
U00343,86.0,0,0.0,,
U00344,23.0,0,0.0,,
U00345,13.0,14,737.59,,
U00346,18.0,8,499.15,,
U00347,22.0,15,806.77,,
U00348,18.0,0,0.0,,
U00349,19.0,5,201.34,,
U00350,13.0,3,101.94,,
U00351,4.0,17,2566.08,,
U00352,60.0,2,49.62,,
U00353,21.0,0,0.0,,
U00354,25.0,0,0.0,,
U00355,2.0,0,0.0,,
U00356,21.0,1,35.04,,
U00357,7.0,18,1086.86,,
U00358,8.0,51,7032.56,,
U00359,2.0,26,4119.03,,
U00360,51.0,0,0.0,,
U00361,8.0,2,52.21,,
U00362,25.0,2,66.74,,
U00363,18.0,33,4870.47,,
U00364,79.0,0,0.0,,
U00365,28.0,0,0.0,,
U00366,37.0,32,5073.33,,
U00367,21.0,28,4426.33,,
U00368,29.0,0,0.0,,
U00369,14.0,0,0.0,,
U00370,50.0,0,0.0,,
U00371,18.0,2,53.51,,
U00372,10.0,30,3633.38,,
U00373,2.0,40,4744.77,,
U00374,45.0,0,0.0,,
U00375,25.0,2,28.38,,
U00376,0.0,0,0.0,,
U00377,27.0,1,22.83,,
U00378,32.0,3,119.8,,
U00379,24.0,25,3863.69,,
U00380,21.0,0,0.0,,
U00381,6.0,15,688.36,,
U00382,8.0,0,0.0,,
U00383,20.0,1,9.85,,
U00384,3.0,18,1013.0,,
U00385,17.0,0,0.0,,
U00386,22.0,9,643.0,,
U00387,19.0,11,636.84,,
U00388,4.0,27,3229.54,,
U00389,1.0,0,0.0,,
U00390,37.0,3,160.52,,
U00391,25.0,10,591.85,,
U00392,17.0,0,0.0,,
U00393,12.0,13,954.17,,
U00394,47.0,13,811.23,,
U00395,12.0,6,287.68,,
U00396,19.0,1,10.01,,
U00397,29.0,4,158.09,,
U00398,18.0,0,0.0,,
U00399,26.0,0,0.0,,
U00400,23.0,5,234.53,,
U00401,28.0,1,23.71,,
U00402,110.0,16,1197.74,,
U00403,4.0,6,343.69,,
U00404,0.0,8,423.93,,
U00405,10.0,1,10.86,,
U00406,8.0,0,0.0,,
U00407,1.0,0,0.0,,
U00408,10.0,11,673.16,,
U00409,6.0,2,79.55,,
U00410,23.0,1,27.31,,
U00411,18.0,2,56.02,,
U00412,19.0,3,78.36,,
U00413,4.0,5,265.3,,
U00414,1.0,3,78.26,,
U00415,24.0,44,5960.1,,
U00416,24.0,27,3907.38,,
U00417,29.0,4,310.34,,
U00418,1.0,0,0.0,,
U00419,13.0,46,6581.17,,
U00420,23.0,56,7461.54,,
U00421,27.0,2,74.5,,
U00422,3.0,5,239.59,,
U00423,10.0,1,24.62,,
U00424,86.0,0,0.0,,
U00425,9.0,0,0.0,,
U00426,11.0,6,605.5,,
U00427,22.0,0,0.0,,
U00428,13.0,15,1005.42,,
U00429,4.0,6,237.21,,
U00430,5.0,1,18.26,,
U00431,25.0,3,71.77,,
U00432,20.0,0,0.0,,
U00433,8.0,3,154.37,,
U00434,15.0,0,0.0,,
U00435,29.0,36,5458.44,,
U00436,14.0,14,1058.58,,
U00437,2.0,8,457.68,,
U00438,20.0,2,56.01,,
U00439,2.0,1,40.92,,
U00440,0.0,49,7491.7,,
U00441,20.0,6,280.51,,
U00442,20.0,0,0.0,,
U00443,17.0,53,7473.22,,
U00444,16.0,0,0.0,,
U00445,26.0,0,0.0,,
U00446,7.0,1,26.38,,
U00447,10.0,1,24.75,,
U00448,2.0,0,0.0,,
U00449,12.0,42,5901.57,,
U00450,16.0,2,91.91,,
U00451,36.0,3,78.11,,
U00452,2.0,2,52.37,,
U00453,19.0,11,821.36,,
U00454,1.0,0,0.0,,
U00455,20.0,1,34.94,,
U00456,39.0,0,0.0,,
U00457,10.0,0,0.0,,
U00458,22.0,6,328.47,,
U00459,19.0,0,0.0,,
U00460,12.0,9,600.63,,
U00461,14.0,10,556.11,,
U00462,27.0,0,0.0,,
U00463,29.0,11,786.29,,
U00464,7.0,4,173.8,,
U00465,29.0,1,10.77,,
U00466,6.0,0,0.0,,
U00467,9.0,7,681.3,,
U00468,5.0,2,27.07,,
U00469,108.0,9,849.69,,
U00470,8.0,0,0.0,,
U00471,55.0,0,0.0,,
U00472,11.0,19,3996.05,,
U00473,7.0,1,41.65,,
U00474,10.0,0,0.0,,
U00475,9.0,3,61.88,,
U00476,25.0,37,5544.07,,
U00477,2.0,11,478.4,,
U00478,8.0,15,1083.62,,
U00479,27.0,2,26.01,,
U00480,23.0,0,0.0,,
U00481,17.0,4,209.23,,
U00482,2.0,2,194.56,,
U00483,18.0,0,0.0,,
U00484,24.0,0,0.0,,
U00485,23.0,8,387.65,,
U00486,20.0,2,47.23,,
U00487,17.0,0,0.0,,
U00488,9.0,0,0.0,,
U00489,27.0,0,0.0,,
U00490,0.0,0,0.0,,
U00491,10.0,0,0.0,,
U00492,3.0,2,33.03,,
U00493,12.0,10,732.89,,
U00494,40.0,0,0.0,,
U00495,22.0,1,61.13,,
U00496,117.0,2,50.65,,
U00497,0.0,0,0.0,,
U00498,25.0,10,762.99,,
U00499,3.0,13,976.15,,
U00500,1.0,8,625.96,,
